{"ip":0,"fr":60,"v":"5.1.20","assets":[],"layers":[{"ty":4,"nm":"Ellipse_3","ip":0,"st":0,"ind":4,"hix":1,"ks":{"o":{"a":0,"k":100},"or":{"a":0,"k":[0,0,0]},"a":{"a":0,"k":[3,3,0]},"p":{"s":true,"x":{"a":0,"k":56.943},"y":{"a":1,"k":[{"t":0,"s":[35.651],"e":[30.651],"i":{"x":[0.735],"y":[0.045]},"o":{"x":[0.6],"y":[-0.28]}},{"t":39,"s":[30.651],"e":[35.651],"i":{"x":[0.32],"y":[1.275]},"o":{"x":[0.175],"y":[0.885]}},{"t":65}]}},"rx":{"a":0,"k":0},"ry":{"a":0,"k":0},"rz":{"a":0,"k":0},"s":{"a":1,"k":[{"t":0,"s":[100,100],"e":[70,70],"i":{"x":[0.675,0.675],"y":[0.19,0.19]},"o":{"x":[0.55,0.55],"y":[0.055,0.055]}},{"t":39,"s":[70,70],"e":[100,100],"i":{"x":[0.45,0.45],"y":[0.94,0.94]},"o":{"x":[0.25,0.25],"y":[0.46,0.46]}},{"t":65}]}},"shapes":[{"ty":"gr","nm":"Ellipse_3 shape group","it":[{"ty":"el","p":{"a":0,"k":[23,3]},"s":{"a":0,"k":[6,6]}},{"ty":"st","o":{"a":0,"k":0},"w":{"a":0,"k":0},"c":{"a":0,"k":[0,0,0,0]},"lc":3,"lj":1,"ml":1},{"ty":"gf","o":{"a":0,"k":100},"r":1,"g":{"p":1,"k":{"a":0,"k":[1,0.14901960784313725,0.3843137254901961,0.9411764705882353]}},"t":1,"s":{"a":0,"k":[23,0]},"e":{"a":0,"k":[23,6]}},{"ty":"tr","o":{"a":0,"k":100},"a":{"a":0,"k":[0,0]},"s":{"a":0,"k":[100,100]},"p":{"a":0,"k":[-20,0]},"r":{"a":0,"k":0}}]}],"op":65},{"ty":4,"nm":"Ellipse_2","ip":0,"st":0,"ind":3,"hix":2,"ks":{"o":{"a":0,"k":100},"or":{"a":0,"k":[0,0,0]},"a":{"a":0,"k":[3,3,0]},"p":{"s":true,"x":{"a":0,"k":46.943},"y":{"a":1,"k":[{"t":0,"s":[35.651],"e":[30.651],"i":{"x":[0.735],"y":[0.045]},"o":{"x":[0.6],"y":[-0.28]}},{"t":35,"s":[30.651],"e":[35.651],"i":{"x":[0.32],"y":[1.275]},"o":{"x":[0.175],"y":[0.885]}},{"t":60}]}},"rx":{"a":0,"k":0},"ry":{"a":0,"k":0},"rz":{"a":0,"k":0},"s":{"a":1,"k":[{"t":0,"s":[100,100],"e":[80,70],"i":{"x":[0.675,0.675],"y":[0.19,0.19]},"o":{"x":[0.55,0.55],"y":[0.055,0.055]}},{"t":35,"s":[80,70],"e":[100,100],"i":{"x":[0.45,0.45],"y":[0.94,0.94]},"o":{"x":[0.25,0.25],"y":[0.46,0.46]}},{"t":60}]}},"shapes":[{"ty":"gr","nm":"Ellipse_2 shape group","it":[{"ty":"el","p":{"a":0,"k":[13,3]},"s":{"a":0,"k":[6,6]}},{"ty":"st","o":{"a":0,"k":0},"w":{"a":0,"k":0},"c":{"a":0,"k":[0,0,0,0]},"lc":3,"lj":1,"ml":1},{"ty":"gf","o":{"a":0,"k":100},"r":1,"g":{"p":1,"k":{"a":0,"k":[1,0.1568627450980392,0.45098039215686275,0.9647058823529412]}},"t":1,"s":{"a":0,"k":[13,0]},"e":{"a":0,"k":[13,6]}},{"ty":"tr","o":{"a":0,"k":60},"a":{"a":0,"k":[0,0]},"s":{"a":0,"k":[100,100]},"p":{"a":0,"k":[-10,0]},"r":{"a":0,"k":0}}]}],"op":65},{"ty":4,"nm":"Ellipse","ip":0,"st":0,"ind":2,"hix":3,"ks":{"o":{"a":0,"k":100},"or":{"a":0,"k":[0,0,0]},"a":{"a":0,"k":[3,3,0]},"p":{"s":true,"x":{"a":0,"k":36.943},"y":{"a":1,"k":[{"t":0,"s":[35.651],"e":[30.651],"i":{"x":[0.735],"y":[0.045]},"o":{"x":[0.6],"y":[-0.28]}},{"t":30,"s":[30.651],"e":[35.651],"i":{"x":[0.32],"y":[1.275]},"o":{"x":[0.175],"y":[0.885]}},{"t":55}]}},"rx":{"a":0,"k":0},"ry":{"a":0,"k":0},"rz":{"a":0,"k":0},"s":{"a":1,"k":[{"t":0,"s":[100,100],"e":[70,70],"i":{"x":[0.675,0.675],"y":[0.19,0.19]},"o":{"x":[0.55,0.55],"y":[0.055,0.055]}},{"t":30,"s":[70,70],"e":[100,100],"i":{"x":[0.45,0.45],"y":[0.94,0.94]},"o":{"x":[0.25,0.25],"y":[0.46,0.46]}},{"t":55}]}},"shapes":[{"ty":"gr","nm":"Ellipse shape group","it":[{"ty":"el","p":{"a":0,"k":[3,3]},"s":{"a":0,"k":[6,6]}},{"ty":"st","o":{"a":0,"k":0},"w":{"a":0,"k":0},"c":{"a":0,"k":[0,0,0,0]},"lc":3,"lj":1,"ml":1},{"ty":"gf","o":{"a":0,"k":100},"r":1,"g":{"p":1,"k":{"a":0,"k":[1,0.1568627450980392,0.45098039215686275,0.9647058823529412]}},"t":1,"s":{"a":0,"k":[3,0]},"e":{"a":0,"k":[3,6]}},{"ty":"tr","o":{"a":0,"k":40},"a":{"a":0,"k":[0,0]},"s":{"a":0,"k":[100,100]},"p":{"a":0,"k":[0,0]},"r":{"a":0,"k":0}}]}],"op":65}],"op":65,"w":94,"h":72}